"last_name, first_name_df1",player_id,year,player_age,p_game,p_formatted_ip,pa,ab,hit,single,double,triple,home_run,strikeout,walk,k_percent,bb_percent,batting_avg,slg_percent,on_base_percent,on_base_plus_slg,isolated_power,babip,p_earned_run,p_run,p_save,p_blown_save,p_out,p_win,p_loss,p_wild_pitch,p_balk,p_shutout,p_era,p_opp_batting_avg,p_opp_on_base_avg,p_total_stolen_base,xba,xslg,woba,xwoba,xobp,xiso,wobacon,xwobacon,bacon,xbacon,xbadiff,xslgdiff,wobadiff,avg_swing_speed,fast_swing_rate,blasts_contact,blasts_swing,squared_up_contact,squared_up_swing,avg_swing_length,swords,exit_velocity_avg,launch_angle_avg,sweet_spot_percent,barrel,barrel_batted_rate,solidcontact_percent,flareburner_percent,poorlyunder_percent,poorlytopped_percent,poorlyweak_percent,hard_hit_percent,avg_best_speed,avg_hyper_speed,z_swing_percent,z_swing_miss_percent,oz_swing_percent,oz_swing_miss_percent,oz_contact_percent,out_zone_swing_miss,out_zone_swing,out_zone_percent,out_zone,meatball_swing_percent,meatball_percent,pitch_count_offspeed,pitch_count_fastball,pitch_count_breaking,pitch_count,iz_contact_percent,in_zone_swing_miss,in_zone_swing,in_zone_percent,in_zone,edge_percent,edge,whiff_percent,swing_percent,"last_name, first_name_df2",p_pickoff_attempt_1b,p_pickoff_attempt_2b,p_pickoff_attempt_3b,p_pickoff_1b,p_pickoff_2b,p_pickoff_3b,p_lob,p_rbi,p_stolen_base_2b,p_stolen_base_3b,p_stolen_base_home,p_quality_start,p_walkoff,p_run_support,p_ab_scoring,p_automatic_ball,p_ball,p_called_strike,p_catcher_interf,p_caught_stealing_2b,p_caught_stealing_3b,p_caught_stealing_home,p_complete_game,p_defensive_indiff,p_foul,p_foul_tip,p_game_finished,p_game_in_relief,p_gnd_into_dp,p_gnd_into_tp,p_gnd_rule_double,p_hit_by_pitch,p_hit_fly,p_hit_ground,p_hit_line_drive,p_hit_into_play,p_hit_scoring,p_hold,p_intent_ball,p_intent_walk,p_missed_bunt,p_out_fly,p_out_ground,p_out_line_drive,p_passed_ball,p_pickoff_error_1b,p_pickoff_error_2b,p_pickoff_error_3b,p_pitchout,p_relief_no_out,p_sac_bunt,p_sac_fly,p_starting_p,p_swinging_strike,p_unearned_run,p_total_ball,p_total_bases,p_total_caught_stealing,p_total_pickoff,p_total_pickoff_attempt,p_total_pickoff_error,p_total_pitches,p_total_sacrifices,p_total_strike,p_total_swinging_strike,p_inh_runner,p_inh_runner_scored,p_beq_runner,p_beq_runner_scored,p_reached_on_error,"last_name, first_name_df3",pull_percent,straightaway_percent,opposite_percent,batted_ball,f_strike_percent,groundballs_percent,groundballs,flyballs_percent,flyballs,linedrives_percent,linedrives,popups_percent,popups,pitch_hand,n,arm_angle,n_ff_formatted,ff_avg_speed,ff_avg_spin,ff_avg_break_x,ff_avg_break_z,ff_avg_break_z_induced,ff_avg_break,ff_range_speed,n_sl_formatted,sl_avg_speed,sl_avg_spin,sl_avg_break_x,sl_avg_break_z,sl_avg_break_z_induced,sl_avg_break,sl_range_speed,n_ch_formatted,ch_avg_speed,ch_avg_spin,ch_avg_break_x,ch_avg_break_z,ch_avg_break_z_induced,ch_avg_break,ch_range_speed,n_cu_formatted,cu_avg_speed,cu_avg_spin,cu_avg_break_x,cu_avg_break_z,cu_avg_break_z_induced,cu_avg_break,cu_range_speed,n_si_formatted,si_avg_speed,si_avg_spin,si_avg_break_x,si_avg_break_z,si_avg_break_z_induced,si_avg_break,si_range_speed,n_fc_formatted,fc_avg_speed,fc_avg_spin,fc_avg_break_x,fc_avg_break_z,fc_avg_break_z_induced,fc_avg_break,fc_range_speed,n_fs_formatted,fs_avg_speed,fs_avg_spin,fs_avg_break_x,fs_avg_break_z,fs_avg_break_z_induced,fs_avg_break,fs_range_speed,n_kn_formatted,kn_avg_speed,kn_avg_spin,kn_avg_break_x,kn_avg_break_z,kn_avg_break_z_induced,kn_avg_break,kn_range_speed,n_st_formatted,st_avg_speed,"last_name, first_name_df4",st_avg_spin,st_avg_break_x,st_avg_break_z,st_avg_break_z_induced,st_avg_break,st_range_speed,n_sv_formatted,sv_avg_speed,sv_avg_spin,sv_avg_break_x,sv_avg_break_z,sv_avg_break_z_induced,sv_avg_break,sv_range_speed,n_fo_formatted,fo_avg_speed,fo_avg_spin,fo_avg_break_x,fo_avg_break_z,fo_avg_break_z_induced,fo_avg_break,fo_range_speed,n_sc_formatted,sc_avg_speed,sc_avg_spin,sc_avg_break_x,sc_avg_break_z,sc_avg_break_z_induced,sc_avg_break,sc_range_speed,n_fastball_formatted,fastball_avg_speed,fastball_avg_spin,fastball_avg_break_x,fastball_avg_break_z,fastball_avg_break_z_induced,fastball_avg_break,fastball_range_speed,n_breaking_formatted,breaking_avg_speed,breaking_avg_spin,breaking_avg_break_x,breaking_avg_break_z,breaking_avg_break_z_induced,breaking_avg_break,breaking_range_speed,n_offspeed_formatted,offspeed_avg_speed,offspeed_avg_spin,offspeed_avg_break_x,offspeed_avg_break_z,offspeed_avg_break_z_induced,offspeed_avg_break,offspeed_range_speed
"Scherzer, Max",453286,2015,30,33,228.2,899,847,176,106,40,3,27,276,34,30.7,3.8,0.208,0.358,0.242,0.6,0.15,0.273,71,74,0,0,686,14,12,10,1,3,2.79,,,6,0.202,0.34,0.259,0.253,0.238,0.137,0.356,0.349,0.307,0.302,0.006,0.018,0.006,,,,,,,,,87.1,17.1,33.2,34,5.8,5.7,23.5,31.7,26.4,3.4,29.8,76.531769821,92.79660595,72.5,25.5,33.8,45.6,53.4,230,504,44.5,1491,81.5,9.0,440,2043,870,3359,73.9,344,1350,55.5,1862,41.3,1386,31.0,55.2,"Scherzer, Max",84,0,0,0,0,0,136,69,4,2,0,23,1,96,143,0,913,526,0,2,0,0,4,0,683,58,0,0,5,0,1,5,27,52,97,584,31,0,6,2,4,110,172,58,0,0,0,0,0,4,11,2,33,481,3,979,303,2,0,84,0,3359,13,2380,1726,0,0,5,1,5,"Scherzer, Max",34.1,37.3,28.3,584,71.3,38.4,224,23.5,137,26.7,156,11.5,67,R,3353,,59.3,94.8,2498.0,-12.6,-17.3,13.8,18.9,1.8,17.9,86.6,2217.0,2.7,-34.8,2.2,4.9,1.6,13.1,85.4,1474.0,-14.5,-35.9,2.2,15.0,1.5,8.1,80.1,2189.0,7.3,-47.5,-4.1,8.9,1.7,,,,,,,,,1.6,89.9,2292.0,-2.4,-29.3,5.2,6.4,1.3,,,,,,,,,,,,,,,,,,,"Scherzer, Max",,,,,,,,,,,,,,,,,,,,,,,,,,,,,,,60.9,94.7,2493,-12.3,-17.6,13.6,18.6,2.0,25.9,84.5,2209,4.1,-38.7,0.2,6.1,3.7,13.1,85.4,1474.0,-14.5,-35.9,2.2,15.0,1.5
"Greinke, Zack",425844,2015,31,32,222.2,843,790,148,109,22,3,14,200,40,23.7,4.7,0.187,0.276,0.231,0.507,0.089,0.232,41,43,0,0,668,19,3,7,0,0,1.66,,,7,0.211,0.318,0.225,0.255,0.255,0.107,0.266,0.311,0.25,0.285,-0.024,-0.042,-0.03,,,,,,,,,87.3,9.8,28.1,24,4.0,3.2,21.7,25.1,38.5,3.2,27.8,77.378314772,92.576581107,69.1,18.0,31.8,42.4,57.0,247,582,56.5,1829,80.5,6.2,588,1733,909,3239,81.0,175,972,43.5,1407,43.5,1407,27.1,48.1,"Greinke, Zack",64,0,0,2,0,0,126,42,7,0,0,30,0,87,115,0,1089,521,0,6,0,0,1,0,523,32,0,0,15,0,2,5,10,48,90,598,18,0,2,1,4,90,246,71,0,0,0,0,0,2,6,2,32,351,2,1161,218,6,2,64,0,3239,8,2078,1434,0,0,5,1,7,"Greinke, Zack",33.3,40.1,26.6,598,64.1,49.2,294,16.7,100,27.1,162,7.0,42,R,3230,,43.7,92.4,2406.0,-2.2,-16.1,16.3,16.7,1.6,19.2,87.4,2330.0,6.9,-34.7,1.4,7.8,1.6,18.2,88.7,1741.0,-11.6,-33.4,1.7,12.4,1.9,9.0,74.2,2436.0,11.4,-64.9,-14.2,18.4,3.1,9.9,91.8,2192.0,-11.0,-23.6,9.2,14.9,1.7,,,,,,,,,,,,,,,,,,,,,,,,,,,"Greinke, Zack",,,,,,,,,,,,,,,,,,,,,,,,,,,,,,,53.7,92.3,2367,-3.8,-17.5,15.0,16.4,1.6,28.1,83.2,2371,8.4,-44.3,-3.5,11.2,7.2,18.2,88.7,1741.0,-11.6,-33.4,1.7,12.4,1.9
"Kluber, Corey",446372,2015,29,32,222.0,886,819,189,120,45,2,22,245,45,27.7,5.1,0.231,0.371,0.279,0.65,0.14,0.3,86,92,0,0,666,9,16,6,1,0,3.49,,,16,0.228,0.367,0.283,0.284,0.278,0.139,0.365,0.368,0.327,0.326,0.003,0.004,-0.001,,,,,,,,,87.9,11.5,33.2,33,5.6,6.0,25.5,23.2,34.2,2.2,32.1,77.765719929,93.146480906,67.3,17.0,34.6,47.0,52.2,263,559,49.4,1616,76.6,7.1,157,1725,1380,3273,81.9,189,1115,50.6,1656,45.2,1479,27.0,51.1,"Kluber, Corey",55,1,0,0,0,0,120,79,11,5,0,19,0,68,151,0,973,557,0,7,0,0,4,0,620,28,0,0,18,0,2,11,27,62,100,585,40,0,10,3,1,106,197,59,3,0,0,0,0,9,7,4,32,387,6,1042,304,7,0,56,0,3273,11,2231,1443,0,0,17,7,3,"Kluber, Corey",36.8,35.2,27.9,585,63.5,44.3,259,22.7,133,27.2,159,5.8,34,R,3262,,21.4,93.2,2381.0,-3.8,-16.2,15.6,16.3,1.5,26.8,88.9,2463.0,6.6,-29.9,4.8,8.9,1.6,4.8,85.6,1743.0,-11.2,-31.9,6.0,13.4,1.6,15.5,83.3,2398.0,19.0,-42.8,-2.7,19.6,1.6,31.5,93.5,2165.0,-12.2,-20.6,11.1,16.8,1.5,,,,,,,,,,,,,,,,,,,,,,,,,,,"Kluber, Corey",,,,,,,,,,,,,,,,,,,,,,,,,,,,,,,52.9,93.4,2253,-8.8,-18.8,12.9,16.6,1.5,42.3,86.9,2438,11.1,-34.6,2.1,12.8,3.5,4.8,85.6,1743.0,-11.2,-31.9,6.0,13.4,1.6
"Bumgarner, Madison",518516,2015,25,32,218.1,869,814,181,125,30,5,21,234,39,26.9,4.5,0.222,0.349,0.263,0.612,0.127,0.284,71,73,0,0,655,18,9,1,0,2,2.93,,,5,0.227,0.357,0.266,0.277,0.27,0.129,0.341,0.362,0.31,0.325,-0.005,-0.008,-0.011,,,,,,,,,87.5,12.5,31.1,28,4.8,4.6,25.0,23.6,30.6,3.7,30.1,77.451582296,92.840258905,69.1,17.2,32.8,46.8,52.5,259,554,51.1,1690,73.2,7.4,65,2629,605,3312,82.3,192,1117,48.9,1617,42.8,1416,27.0,50.5,"Bumgarner, Madison",60,1,0,0,1,0,140,70,4,1,0,22,0,12,143,0,1031,539,0,1,2,1,4,0,621,32,0,0,11,0,2,7,18,62,100,589,33,0,8,2,4,93,190,73,1,1,0,0,0,0,5,4,32,357,2,1102,284,4,1,61,1,3312,9,2210,530,0,0,0,0,4,"Bumgarner, Madison",41.9,33.3,24.8,589,64.2,42.8,252,19.2,113,29.7,175,8.3,49,L,3299,,48.8,92.7,2311.0,6.7,-17.0,15.4,17.0,1.2,1.3,86.5,,-3.4,-32.1,4.8,6.4,1.3,2.0,85.5,1615.0,13.9,-29.4,8.7,16.7,1.5,17.0,76.9,2311.0,-11.2,-56.9,-9.7,15.1,2.0,0.7,92.5,2320.0,11.8,-18.5,14.1,18.5,1.4,30.2,86.8,2177.0,-3.1,-32.1,4.6,6.3,1.3,,,,,,,,,,,,,,,,,,,"Bumgarner, Madison",,,,,,,,,,,,,,,,,,,,,,,,,,,,,,,79.7,90.5,2263,3.0,-22.8,11.3,12.9,3.5,18.3,77.6,2311,-10.7,-55.2,-8.7,14.4,3.3,2.0,85.5,1615.0,13.9,-29.4,8.7,16.7,1.5
"Scherzer, Max",453286,2016,31,34,228.1,902,830,165,93,37,4,31,284,56,31.5,6.2,0.199,0.365,0.254,0.619,0.166,0.259,75,77,0,0,685,20,7,2,1,0,2.96,,,8,0.197,0.335,0.267,0.259,0.254,0.138,0.358,0.349,0.301,0.304,0.002,0.03,0.008,,,,,,,,,87.2,19.4,30.8,34,6.1,4.9,22.3,33.6,23.9,3.8,29.5,76.600744771,92.906856711,68.7,24.7,33.9,49.2,50.3,287,583,48.3,1720,76.5,9.2,427,2028,1099,3563,74.6,312,1263,51.7,1838,42.0,1496,32.4,51.8,"Scherzer, Max",49,0,0,0,1,0,137,76,6,2,0,26,0,95,136,0,1078,573,0,1,2,0,1,0,679,47,0,0,6,0,1,6,34,35,96,556,27,0,8,2,4,103,157,53,4,1,0,0,0,0,7,3,34,523,2,1144,303,3,1,49,1,3563,10,2419,1550,0,0,3,0,3,"Scherzer, Max",37.6,32.2,29.9,556,65.2,34.7,193,25.0,139,26.8,149,13.5,75,R,3554,,54.5,95.0,2550.0,-12.3,-16.4,14.6,19.3,1.5,22.8,86.8,2343.0,2.9,-33.5,3.2,5.3,1.7,12.0,85.8,1514.0,-15.4,-36.1,1.6,15.7,1.6,8.1,78.5,2472.0,8.2,-52.1,-7.0,11.3,1.9,0.9,95.4,2613.0,-13.6,-16.1,14.7,20.1,1.3,1.7,90.0,2462.0,-1.8,-26.9,7.4,8.0,1.4,,,,,,,,,,,,,,,,,,,"Scherzer, Max",,,,,,,,,,,,,,,,,,,,,,,,,,,,,,,57.1,94.8,2548,-12.0,-16.7,14.4,19.0,1.8,30.9,84.6,2379,4.3,-38.4,0.5,6.9,4.5,12.0,85.8,1514.0,-15.4,-36.1,1.6,15.7,1.6
"Verlander, Justin",434378,2016,33,34,227.2,903,827,171,102,35,4,30,254,57,28.1,6.3,0.207,0.368,0.263,0.631,0.161,0.256,77,81,0,0,683,16,9,6,0,0,3.04,,,5,0.206,0.362,0.272,0.274,0.264,0.157,0.344,0.348,0.295,0.297,0.001,0.006,-0.002,,,,,,,,,87.9,19.5,29.8,44,7.5,4.5,22.6,34.9,26.2,2.9,32.9,77.434162902,93.214610402,68.1,19.8,32.8,41.2,58.3,251,609,50.6,1856,75.4,7.4,311,2118,1234,3668,79.8,244,1234,49.4,1812,44.8,1644,26.9,50.2,"Verlander, Justin",259,3,2,2,1,0,138,75,4,1,0,27,0,41,129,0,1146,612,0,6,0,0,2,0,756,49,0,0,9,0,1,8,32,54,83,584,24,0,4,1,3,132,153,52,2,1,0,0,1,3,4,7,34,420,4,1213,304,6,3,264,1,3668,11,2455,1260,0,0,8,5,3,"Verlander, Justin",37.3,36.3,26.0,584,64.3,35.4,207,28.1,164,23.5,137,13.0,76,R,3663,,57.8,94.1,2558.0,-12.1,-14.2,17.3,21.3,1.9,17.8,88.5,2474.0,2.6,-26.9,8.4,9.4,2.5,8.5,85.9,2057.0,-17.1,-30.8,6.9,18.6,1.7,15.9,79.2,2766.0,11.7,-55.6,-11.4,16.5,2.1,,,,,,,,,,,,,,,,,,,,,,,,,,,,,,,,,,,"Verlander, Justin",,,,,,,,,,,,,,,,,,,,,,,,,,,,,,,57.8,94.1,2558,-12.1,-14.2,17.3,21.3,1.9,33.7,84.1,2612,6.9,-40.4,-0.9,12.8,5.7,8.5,85.9,2057.0,-17.1,-30.8,6.9,18.6,1.7
"Bumgarner, Madison",518516,2016,26,34,226.2,912,841,179,114,37,2,26,251,54,27.5,5.9,0.213,0.354,0.265,0.619,0.141,0.268,69,79,0,0,680,15,9,4,1,1,2.74,,,6,0.215,0.372,0.269,0.279,0.269,0.157,0.338,0.356,0.3,0.308,-0.002,-0.018,-0.01,,,,,,,,,88.5,15.6,29.5,40,6.7,5.3,21.2,29.4,30.7,2.5,31.2,78.651695105,93.234360787,66.5,18.7,30.5,40.8,58.3,227,557,51.2,1828,72.3,7.2,117,2865,569,3571,80.6,217,1159,48.8,1743,44.0,1571,25.9,48.1,"Bumgarner, Madison",67,0,0,4,0,0,160,77,5,1,0,25,0,0,141,0,1131,653,0,5,0,0,4,0,660,31,0,0,15,0,1,8,23,55,100,599,29,0,0,0,3,114,193,49,0,0,0,0,0,0,3,6,34,365,10,1202,298,5,4,67,0,3571,9,2369,410,0,0,0,0,12,"Bumgarner, Madison",41.9,34.7,22.9,599,65.4,41.4,248,23.9,143,25.2,151,9.5,57,L,3551,,45.6,91.4,2301.0,7.9,-16.7,16.6,18.5,1.0,0.9,86.6,,-2.2,-28.6,8.3,8.9,1.4,3.3,83.9,1667.0,14.0,-30.1,9.4,17.2,1.4,15.1,75.1,2368.0,-11.6,-58.5,-9.0,15.0,1.6,2.5,91.8,2321.0,13.4,-17.7,15.3,20.4,1.0,32.6,87.4,2309.0,-1.1,-27.2,9.0,9.5,1.2,,,,,,,,,,,,,,,,,,,"Bumgarner, Madison",,,,,,,,,,,,,,,,,,,,,,,,,,,,,,,80.7,89.8,2305,4.4,-20.9,13.5,14.9,2.5,16.0,75.8,2368,-11.1,-56.8,-8.1,14.7,3.3,3.3,83.9,1667.0,14.0,-30.1,9.4,17.2,1.4
"Kluber, Corey",446372,2016,30,32,215.0,860,788,170,106,39,3,22,227,57,26.4,6.6,0.216,0.357,0.274,0.631,0.141,0.274,75,82,0,0,645,18,9,5,1,2,3.14,,,4,0.223,0.363,0.275,0.282,0.281,0.14,0.339,0.35,0.302,0.313,-0.007,-0.006,-0.007,,,,,,,,,86.7,12.0,34.4,34,6.0,4.7,23.2,24.3,36.7,3.2,30.4,75.860158029,92.779869048,65.9,17.8,32.2,48.3,51.5,255,528,51.5,1642,74.1,7.5,145,1680,1358,3189,81.7,181,1019,48.5,1547,41.9,1336,28.2,48.5,"Kluber, Corey",30,0,0,1,0,0,126,75,4,0,0,22,0,91,129,0,1029,550,0,7,0,0,3,0,536,31,0,0,18,0,0,7,21,47,102,569,30,0,4,1,1,96,213,52,4,0,0,0,0,5,6,2,32,368,7,1092,281,7,1,30,0,3189,8,2097,1191,0,0,9,5,8,"Kluber, Corey",36.4,33.6,30.1,569,62.6,45.7,260,20.7,118,27.1,154,6.5,37,R,3183,,17.1,92.9,2443.0,-3.1,-16.3,15.6,16.2,1.4,24.0,89.4,2640.0,6.1,-27.6,6.6,9.7,1.7,4.6,85.8,1673.0,-10.0,-31.0,6.6,12.7,1.6,18.6,83.9,2599.0,18.8,-39.2,0.1,19.1,1.4,35.7,93.1,2243.0,-12.1,-20.5,11.4,16.9,1.4,,,,,,,,,,,,,,,,,,,,,,,,,,,"Kluber, Corey",,,,,,,,,,,,,,,,,,,,,,,,,,,,,,,52.8,93.0,2308,-9.1,-19.1,12.8,16.6,1.4,42.7,87.0,2622,11.6,-32.7,3.8,13.8,3.5,4.6,85.8,1673.0,-10.0,-31.0,6.6,12.7,1.6
"Verlander, Justin",434378,2017,34,33,206.0,849,768,170,112,29,2,27,219,72,25.8,8.5,0.221,0.37,0.29,0.66,0.149,0.272,77,80,0,0,618,15,8,5,0,0,3.36,,,9,0.24,0.42,0.285,0.315,0.31,0.18,0.344,0.39,0.307,0.337,-0.019,-0.05,-0.03,,,,,,,,,87.6,16.4,37.4,40,7.2,5.8,24.7,30.1,26.9,4.9,35.6,76.196477055,93.56629623,68.7,17.2,29.1,39.2,60.2,198,505,49.1,1734,78.4,7.3,146,2062,1323,3531,82.7,212,1235,50.9,1797,43.7,1542,23.6,49.3,"Verlander, Justin",158,10,2,0,1,0,142,71,9,0,0,23,0,67,135,15,1158,573,0,0,0,1,0,0,771,34,0,0,13,0,3,4,34,43,92,554,27,0,0,4,0,116,146,62,1,1,0,0,0,0,1,4,33,356,3,1218,284,1,1,170,1,3531,5,2313,1110,0,0,4,2,3,"Verlander, Justin",34.5,41.2,24.4,554,61.7,34.1,189,27.1,150,28.7,159,10.1,56,R,3531,,57.7,95.3,2541.0,-13.6,-13.5,17.3,22.3,1.6,21.5,88.2,2528.0,1.3,-29.5,6.5,7.7,2.2,4.1,87.6,1813.0,-16.5,-28.6,7.5,18.8,1.4,16.0,80.4,2803.0,9.0,-53.9,-9.8,13.8,1.5,0.3,95.6,2551.0,-21.6,-18.1,12.6,25.1,1.4,0.4,92.1,2483.0,-1.2,-19.3,11.7,12.2,1.6,,,,,,,,,,,,,,,,,,,"Verlander, Justin",,,,,,,,,,,,,,,,,,,,,,,,,,,,,,,58.4,95.3,2540,-13.6,-13.6,17.3,22.3,1.6,37.5,84.9,2646,4.6,-39.9,-0.5,10.3,4.7,4.1,87.6,1813.0,-16.5,-28.6,7.5,18.8,1.4
"Kluber, Corey",446372,2017,31,29,203.2,777,732,141,89,31,0,21,265,36,34.1,4.6,0.193,0.321,0.235,0.556,0.128,0.268,51,56,0,0,611,18,4,4,0,3,2.25,,,15,0.205,0.325,0.24,0.248,0.247,0.12,0.337,0.352,0.301,0.322,-0.012,-0.004,-0.008,,,,,,,,,85.3,10.5,33.8,25,5.3,4.9,24.0,23.6,34.4,6.4,29.2,73.482502112,92.579947586,64.1,21.1,33.3,58.9,40.9,281,477,48.9,1434,70.9,8.0,180,1930,824,2945,78.8,203,961,51.1,1500,43.5,1275,33.6,49.1,"Kluber, Corey",26,0,0,0,0,0,106,51,12,2,1,22,0,91,114,8,890,560,0,4,0,1,5,0,487,26,0,0,7,0,0,5,26,49,66,471,26,0,0,2,0,66,167,62,1,0,0,0,0,0,3,1,29,433,5,940,235,5,0,26,0,2945,4,2005,1174,0,0,7,0,4,"Kluber, Corey",32.9,42.7,24.2,471,64.6,45.9,216,19.5,92,27.2,128,7.4,35,R,2934,,14.4,92.7,2372.0,-6.2,-16.0,15.9,17.2,1.2,,,,,,,,,6.1,85.8,1707.0,-12.8,-30.8,6.3,14.8,1.2,28.1,84.4,2589.0,13.6,-35.2,3.9,14.7,1.4,28.5,92.5,2225.0,-14.3,-21.6,10.3,17.9,1.3,22.8,89.0,2580.0,3.0,-28.0,6.7,8.0,1.2,,,,,,,,,,,,,,,,,,,"Kluber, Corey",,,,,,,,,,,,,,,,,,,,,,,,,,,,,,,65.8,91.3,2380,-6.5,-22.6,10.3,14.3,2.3,28.1,84.4,2589,13.6,-35.2,3.9,14.7,1.4,6.1,85.8,1707.0,-12.8,-30.8,6.3,14.8,1.2
"Cole, Gerrit",543037,2017,26,33,203.0,849,784,199,126,36,6,31,196,55,23.1,6.5,0.254,0.434,0.306,0.74,0.18,0.301,96,98,0,0,609,12,12,7,0,0,4.26,,,17,0.257,0.427,0.315,0.317,0.309,0.171,0.383,0.386,0.338,0.343,-0.003,0.007,-0.002,,,,,,,,,86.3,11.1,34.0,45,7.6,4.0,27.1,22.4,30.8,5.7,34.4,74.046742743,93.325617774,66.5,17.0,25.6,34.9,64.9,143,410,48.9,1602,79.4,8.4,338,1972,966,3298,82.6,189,1115,51.1,1677,41.8,1371,21.9,46.5,"Cole, Gerrit",93,1,0,1,0,0,144,94,15,2,0,20,0,85,166,2,1080,610,0,2,0,0,0,0,599,24,0,0,17,0,1,4,38,60,100,594,41,0,0,1,3,85,217,49,3,0,0,0,4,4,5,1,33,286,2,1153,340,2,1,94,0,3298,6,2145,1184,0,0,9,5,7,"Cole, Gerrit",35.2,35.2,29.3,594,63.5,46.6,277,20.7,123,25.1,149,7.6,45,R,3276,,47.1,95.9,2164.0,-13.4,-14.0,16.0,21.2,1.6,17.4,88.1,2417.0,2.6,-32.1,3.6,5.9,1.8,10.3,88.5,1631.0,-16.5,-26.2,8.7,19.3,1.6,12.1,80.4,2667.0,11.7,-50.2,-6.7,14.1,2.0,13.1,95.6,2096.0,-17.8,-19.8,10.3,20.8,1.5,,,,,,,,,,,,,,,,,,,,,,,,,,,"Cole, Gerrit",,,,,,,,,,,,,,,,,,,,,,,,,,,,,,,60.2,95.8,2149,-14.4,-15.3,14.8,21.1,1.6,29.5,84.9,2528,6.3,-39.6,-0.6,9.3,4.6,10.3,88.5,1631.0,-16.5,-26.2,8.7,19.3,1.6
"Greinke, Zack",425844,2017,33,32,202.1,801,749,172,108,35,4,25,215,45,26.8,5.6,0.23,0.387,0.272,0.659,0.157,0.287,72,80,0,0,607,17,7,12,0,0,3.2,,,5,0.224,0.395,0.282,0.287,0.27,0.171,0.36,0.37,0.32,0.318,0.006,-0.008,-0.005,,,,,,,,,87.4,10.2,31.6,40,7.4,6.1,21.4,23.5,34.2,5.4,30.9,76.531302652,93.147849508,63.3,18.8,32.4,45.5,53.6,256,563,55.2,1740,71.1,5.7,506,1512,1116,3163,80.8,168,895,44.8,1415,43.5,1373,29.0,46.2,"Greinke, Zack",53,5,0,1,0,0,114,74,5,0,0,19,0,59,137,0,1007,578,0,8,1,0,1,0,488,28,0,0,20,0,4,0,29,54,89,541,35,0,0,0,2,79,205,47,1,0,0,0,0,3,4,3,32,341,8,1123,290,9,1,58,0,3163,7,2040,991,0,0,6,1,5,"Greinke, Zack",34.2,43.3,22.0,541,62.4,47.9,259,20.1,109,25.1,136,6.8,37,R,3134,,39.2,90.8,2392.0,-2.1,-16.0,17.7,18.1,1.3,22.7,84.0,2595.0,6.2,-36.9,3.2,8.1,1.6,16.1,87.1,1821.0,-13.1,-30.2,6.2,15.3,1.1,13.0,74.3,2593.0,11.8,-63.4,-11.5,17.1,1.7,9.1,90.7,2340.0,-12.1,-19.3,14.6,19.2,1.3,,,,,,,,,,,,,,,,,,,,,,,,,,,"Greinke, Zack",,,,,,,,,,,,,,,,,,,,,,,,,,,,,,,48.2,90.8,2382,-4.0,-16.6,17.1,18.3,1.2,35.6,80.4,2594,8.2,-46.5,-2.1,11.4,5.5,16.1,87.1,1821.0,-13.1,-30.2,6.2,15.3,1.1
"deGrom, Jacob",594798,2017,29,31,201.1,827,758,180,124,25,3,28,239,59,28.9,7.1,0.237,0.389,0.292,0.681,0.152,0.306,79,87,0,0,604,15,10,7,0,0,3.53,,,18,0.219,0.349,0.291,0.273,0.278,0.13,0.381,0.354,0.344,0.321,0.018,0.04,0.018,,,,,,,,,86.3,10.8,32.1,31,5.9,3.8,26.2,22.8,34.0,6.1,28.8,75.233682278,92.71360176,68.8,24.0,29.8,42.1,56.6,192,456,48.5,1532,74.1,7.1,393,1749,1018,3168,75.2,269,1121,51.5,1630,45.4,1436,29.3,49.9,"deGrom, Jacob",32,0,0,0,0,0,130,78,16,2,0,21,0,114,140,17,1008,552,0,3,0,0,1,0,575,40,0,0,18,0,0,2,32,66,80,527,30,0,0,5,2,81,185,47,1,0,0,0,0,1,3,5,31,411,8,1036,295,3,0,32,0,3168,8,2132,1398,0,0,6,1,3,"deGrom, Jacob",31.3,37.4,31.3,527,64.3,47.6,251,21.8,115,24.1,127,6.5,34,R,3160,,39.6,95.2,2362.0,-7.2,-12.5,16.8,18.6,1.4,22.2,89.3,2453.0,2.3,-28.1,5.4,6.7,1.4,12.4,87.7,1793.0,-14.8,-26.8,7.5,17.2,1.6,10.0,81.5,2549.0,5.3,-43.9,-3.4,7.5,2.2,15.8,94.7,2294.0,-15.6,-17.8,11.9,19.8,1.4,,,,,,,,,,,,,,,,,,,,,,,,,,,"deGrom, Jacob",,,,,,,,,,,,,,,,,,,,,,,,,,,,,,,55.3,95.1,2343,-9.6,-14.0,15.4,19.0,1.4,32.2,86.9,2480,3.2,-33.0,2.6,6.9,4.4,12.4,87.7,1793.0,-14.8,-26.8,7.5,17.2,1.6
"Scherzer, Max",453286,2018,33,33,220.2,866,797,150,86,36,5,23,300,51,34.6,5.9,0.188,0.332,0.247,0.579,0.144,0.267,62,66,0,0,662,18,7,4,1,1,2.53,,,8,0.185,0.316,0.252,0.248,0.245,0.131,0.351,0.345,0.301,0.297,0.003,0.016,0.004,,,,,,,,,86.6,20.7,33.8,33,6.6,6.4,22.9,33.8,25.6,3.4,31.7,75.860880685,92.647810141,69.7,26.0,32.3,51.1,48.5,267,522,46.5,1618,71.9,8.6,548,2081,851,3493,73.3,337,1297,53.5,1862,41.8,1456,33.1,52.4,"Scherzer, Max",38,0,0,0,0,0,143,66,7,1,0,28,0,85,139,10,1039,577,0,1,2,0,2,0,710,41,0,0,11,0,1,12,41,40,68,503,21,0,0,4,1,88,137,47,0,0,0,0,0,0,4,2,33,546,4,1087,265,2,0,38,0,3493,6,2406,1252,0,0,1,1,4,"Scherzer, Max",37.0,36.2,26.2,503,65.8,35.2,177,25.8,130,23.1,116,15.9,80,R,3480,,50.1,94.4,2487.0,-10.8,-17.3,14.0,17.9,1.4,16.6,85.2,2386.0,3.2,-37.3,1.2,4.2,1.4,15.7,83.9,1457.0,-15.1,-37.7,1.6,15.4,1.4,7.9,78.4,2512.0,8.0,-52.0,-6.3,10.4,1.7,,,,,,,,,9.7,88.7,2425.0,1.5,-28.2,7.2,7.6,1.1,,,,,,,,,,,,,,,,,,,"Scherzer, Max",,,,,,,,,,,,,,,,,,,,,,,,,,,,,,,59.8,93.4,2477,-8.8,-19.0,12.9,16.2,2.8,24.5,83.0,2427,4.8,-42.0,-1.2,6.2,3.9,15.7,83.9,1457.0,-15.1,-37.7,1.6,15.4,1.4
"deGrom, Jacob",594798,2018,30,32,217.0,835,776,152,112,27,3,10,269,46,32.2,5.5,0.196,0.277,0.244,0.521,0.081,0.283,41,48,0,0,651,10,9,2,0,0,1.7,,,15,0.2,0.289,0.23,0.243,0.251,0.089,0.307,0.329,0.297,0.308,-0.004,-0.012,-0.013,,,,,,,,,86.3,11.2,32.2,21,4.1,4.1,25.8,24.1,36.9,4.5,28.9,75.417923083,92.619660514,69.3,24.0,35.1,46.7,52.1,258,553,49.1,1576,72.7,7.1,516,1669,1025,3212,74.9,272,1133,50.9,1634,45.0,1443,31.4,52.5,"deGrom, Jacob",55,6,0,1,0,0,140,42,15,0,0,28,0,61,136,9,966,527,0,6,2,0,1,0,622,38,0,0,14,0,1,5,25,55,72,515,19,0,0,3,6,75,191,44,2,0,0,0,0,0,3,5,32,483,7,999,215,8,1,61,0,3212,8,2213,1163,0,0,3,2,7,"deGrom, Jacob",39.0,35.9,25.0,515,66.5,47.8,246,20.0,103,22.9,118,9.3,48,R,3210,,42.8,96.0,2362.0,-4.3,-13.2,15.8,16.5,1.5,24.0,91.1,2496.0,3.9,-26.9,5.4,7.0,1.5,16.1,89.0,1700.0,-12.6,-28.4,5.1,14.1,1.5,7.9,82.7,2564.0,6.6,-43.9,-4.2,8.0,1.6,9.2,95.5,2257.0,-12.0,-17.6,11.7,16.8,1.6,,,,,,,,,,,,,,,,,,,,,,,,,,,"deGrom, Jacob",,,,,,,,,,,,,,,,,,,,,,,,,,,,,,,52.0,95.9,2344,-5.7,-14.0,15.1,16.6,1.5,31.9,89.0,2511,4.6,-31.2,3.0,7.3,4.3,16.1,89.0,1700.0,-12.6,-28.4,5.1,14.1,1.5
"Kluber, Corey",446372,2018,32,33,215.0,842,801,179,118,32,4,25,222,34,26.4,4.0,0.223,0.367,0.257,0.624,0.144,0.277,69,75,0,0,645,20,7,2,0,1,2.89,,,4,0.227,0.369,0.27,0.277,0.263,0.142,0.346,0.359,0.308,0.319,-0.004,-0.002,-0.007,,,,,,,,,87.9,11.3,32.1,37,6.3,5.7,23.0,23.7,34.6,2.4,34.5,77.474814353,93.263122919,64.3,14.2,33.6,50.0,50.0,268,536,51.8,1594,75.4,6.3,202,2183,691,3181,85.4,135,953,48.2,1483,43.1,1327,26.9,48.2,"Kluber, Corey",39,0,0,0,0,0,119,73,3,1,0,25,0,84,127,0,1021,584,0,7,0,0,2,0,534,29,0,0,18,0,1,3,33,55,91,582,34,0,0,0,1,95,212,62,1,0,0,0,1,1,2,2,33,359,6,1063,294,7,0,39,0,3181,4,2118,1028,0,0,8,1,7,"Kluber, Corey",37.2,36.7,25.9,583,63.3,45.6,266,22.3,130,26.2,153,5.7,33,R,3076,,8.9,92.0,2410.0,-6.7,-18.1,14.4,16.0,1.2,,,,,,,,,6.6,85.2,1751.0,-12.3,-34.1,3.8,13.4,1.4,22.5,83.8,2607.0,15.2,-38.2,1.7,15.6,1.5,32.7,92.0,2268.0,-15.2,-24.9,7.7,17.2,1.2,29.4,88.5,2604.0,3.2,-29.7,5.6,7.0,1.5,,,,,,,,,,,,,,,,,,,"Kluber, Corey",,,,,,,,,,,,,,,,,,,,,,,,,,,,,,,71.0,90.5,2425,-6.5,-26.0,7.7,12.8,2.4,22.5,83.8,2607,15.2,-38.2,1.7,15.6,1.5,6.6,85.2,1751.0,-12.3,-34.1,3.8,13.4,1.4
"Verlander, Justin",434378,2018,35,34,214.0,833,781,156,92,31,5,28,290,37,34.8,4.4,0.2,0.36,0.242,0.602,0.16,0.274,60,63,0,0,642,16,9,5,2,1,2.52,,,3,0.184,0.309,0.259,0.237,0.229,0.124,0.372,0.335,0.315,0.292,0.016,0.051,0.022,,,,,,,,,88.5,22.1,31.1,31,6.2,6.6,21.3,39.8,22.3,3.2,32.7,78.75990849,93.215622592,68.1,25.8,31.1,47.1,52.1,229,486,45.6,1562,78.0,9.1,51,2112,1257,3427,73.9,326,1266,54.4,1860,45.4,1554,31.6,51.2,"Verlander, Justin",98,3,0,1,1,0,120,61,3,0,0,26,0,26,99,0,991,610,0,3,1,0,1,0,692,60,0,0,4,0,2,8,35,48,72,498,19,0,0,0,0,120,105,48,0,1,0,0,0,0,2,5,34,459,3,1063,281,4,2,101,1,3427,7,2364,929,0,0,4,2,2,"Verlander, Justin",35.1,34.3,29.7,498,68.9,30.7,153,31.7,158,24.3,121,13.3,66,R,3420,,61.2,95.0,2618.0,-11.0,-11.0,20.2,23.1,1.4,22.3,86.5,2684.0,3.6,-34.6,2.9,5.4,1.8,1.5,87.4,1899.0,-17.0,-27.7,8.7,19.3,1.3,14.5,79.6,2894.0,9.3,-58.7,-13.1,16.4,1.6,,,,,,,,,0.6,91.5,2558.0,-2.6,-20.2,13.2,13.5,1.4,,,,,,,,,,,,,,,,,,,"Verlander, Justin",,,,,,,,,,,,,,,,,,,,,,,,,,,,,,,61.8,95.0,2618,-10.9,-11.1,20.1,23.0,1.5,36.8,83.8,2767,5.8,-44.1,-3.4,9.7,4.2,1.5,87.4,1899.0,-17.0,-27.7,8.7,19.3,1.3
"Nola, Aaron",605400,2018,25,33,212.1,831,756,149,99,31,2,17,224,58,27.0,7.0,0.197,0.311,0.259,0.57,0.114,0.254,56,57,0,0,637,17,6,4,1,0,2.37,,,17,0.202,0.314,0.251,0.258,0.265,0.113,0.305,0.316,0.278,0.286,-0.005,-0.003,-0.007,,,,,,,,,87.1,9.1,27.9,25,4.6,4.4,22.0,23.1,40.4,3.7,31.2,76.78916375,92.730845284,64.0,21.3,30.0,42.6,57.0,198,465,48.3,1552,71.8,7.9,636,1584,992,3212,77.7,226,1063,51.7,1660,45.2,1451,27.7,47.6,"Nola, Aaron",180,3,0,4,0,0,131,51,14,2,1,25,0,66,132,9,1018,635,0,5,0,0,0,0,549,21,0,0,16,0,2,7,22,54,72,542,17,0,0,3,4,74,230,52,0,0,0,0,0,0,6,4,33,380,1,1049,235,5,4,183,0,3212,10,2163,1231,0,0,7,1,7,"Nola, Aaron",39.5,38.9,21.6,542,69.5,52.4,284,17.7,96,22.9,124,7.0,38,R,3212,,36.5,92.7,2116.0,-12.6,-18.9,12.4,17.8,1.4,,,,,,,,,19.8,84.8,1478.0,-14.7,-36.1,1.6,14.9,1.6,30.9,78.0,2545.0,16.4,-56.1,-10.3,19.5,1.5,12.9,91.4,2057.0,-17.0,-25.2,7.1,18.5,1.5,,,,,,,,,,,,,,,,,,,,,,,,,,,"Nola, Aaron",,,,,,,,,,,,,,,,,,,,,,,,,,,,,,,49.3,92.4,2101,-13.7,-20.6,11.0,18.0,1.6,30.9,78.0,2545,16.4,-56.1,-10.3,19.5,1.5,19.8,84.8,1478.0,-14.7,-36.1,1.6,14.9,1.6
"Greinke, Zack",425844,2018,34,33,207.2,839,784,181,114,37,2,28,199,43,23.7,5.1,0.231,0.39,0.275,0.665,0.159,0.273,74,77,0,0,623,15,11,4,0,0,3.21,,,2,0.245,0.406,0.286,0.303,0.29,0.161,0.351,0.375,0.308,0.329,-0.014,-0.016,-0.017,,,,,,,,,87.9,10.4,35.4,38,6.4,6.3,25.4,23.7,34.3,3.0,33.5,77.487911633,93.216715877,62.5,19.3,31.6,36.2,63.5,204,564,55.7,1786,66.7,5.7,657,1567,905,3212,80.4,172,890,44.3,1423,45.3,1454,26.0,45.3,"Greinke, Zack",65,1,0,0,0,0,121,72,2,0,0,21,0,79,120,9,1034,626,0,4,1,0,0,0,483,29,0,0,8,0,3,6,45,42,92,591,29,0,0,3,0,95,227,60,0,0,0,0,0,0,3,3,33,310,3,1130,306,5,0,66,0,3212,6,2082,1034,0,0,15,3,4,"Greinke, Zack",34.5,43.1,22.0,591,67.1,45.5,269,23.7,140,25.7,152,5.1,30,R,3129,,44.2,89.5,2335.0,-1.3,-17.5,17.3,17.5,1.3,17.7,83.4,2540.0,7.1,-38.2,2.5,8.4,1.6,21.0,86.5,1738.0,-12.0,-33.0,4.0,12.8,1.1,11.2,71.2,2476.0,11.9,-68.3,-11.6,16.8,2.8,5.9,90.0,2278.0,-11.9,-21.8,12.5,17.4,1.1,,,,,,,,,,,,,,,,,,,,,,,,,,,"Greinke, Zack",,,,,,,,,,,,,,,,,,,,,,,,,,,,,,,50.1,89.6,2329,-2.5,-18.0,16.7,17.4,1.3,28.9,78.7,2514,9.0,-49.8,-2.9,11.6,6.9,21.0,86.5,1738.0,-12.0,-33.0,4.0,12.8,1.1
"Mikolas, Miles",571945,2018,29,32,200.2,808,760,186,142,24,4,16,146,29,18.1,3.6,0.245,0.35,0.278,0.628,0.105,0.282,63,70,0,0,602,18,4,2,1,1,2.83,,,2,0.245,0.379,0.271,0.286,0.279,0.134,0.313,0.332,0.301,0.303,0.0,-0.029,-0.015,,,,,,,,,86.7,8.2,31.5,32,5.1,4.5,23.3,20.3,40.4,4.6,29.4,76.173718553,92.670905865,69.0,14.4,34.1,33.2,65.6,160,482,47.1,1415,76.5,7.8,133,1452,1419,3004,84.9,158,1096,52.9,1589,42.3,1270,20.2,52.5,"Mikolas, Miles",97,0,0,0,0,0,133,64,2,0,0,20,0,83,135,16,888,503,0,1,0,0,1,0,620,27,0,0,18,0,0,7,24,64,97,626,38,0,0,4,0,93,254,54,0,0,0,0,0,1,8,4,32,271,7,923,266,1,0,97,0,3004,12,2081,1120,0,0,5,0,10,"Mikolas, Miles",36.1,36.3,27.6,626,70.8,50.8,318,18.8,118,24.1,151,6.2,39,R,3004,,26.7,94.1,2309.0,-4.9,-17.1,13.8,14.8,1.5,25.9,88.0,2361.0,3.5,-32.0,3.6,5.4,1.4,4.4,88.4,1680.0,-14.5,-28.1,6.9,16.6,1.7,21.4,78.5,2613.0,9.3,-61.1,-15.0,17.8,1.2,21.6,93.5,2218.0,-13.2,-20.2,11.1,17.3,1.5,,,,,,,,,,,,,,,,,,,,,,,,,,,"Mikolas, Miles",,,,,,,,,,,,,,,,,,,,,,,,,,,,,,,48.3,93.9,2268,-8.6,-18.5,12.6,15.9,1.5,47.2,83.7,2476,6.1,-45.2,-4.8,11.0,5.5,4.4,88.4,1680.0,-14.5,-28.1,6.9,16.6,1.7
"Verlander, Justin",434378,2019,36,34,223.0,847,796,137,66,28,7,36,300,42,35.4,5.0,0.172,0.361,0.219,0.58,0.189,0.219,64,66,0,0,669,21,6,4,0,1,2.58,,,9,0.186,0.346,0.243,0.248,0.233,0.16,0.345,0.36,0.275,0.303,-0.014,0.015,-0.005,,,,,,,,,87.3,18.5,30.1,36,7.2,6.4,20.9,32.3,24.7,3.0,33.3,76.535831441,93.055670637,68.0,26.6,35.3,47.7,52.0,266,558,48.8,1582,77.4,7.6,136,1617,1489,3448,73.0,300,1128,51.2,1660,43.5,1410,33.6,51.9,"Verlander, Justin",69,2,0,0,0,0,113,62,9,0,0,26,0,63,107,0,1012,571,1,3,0,0,2,0,684,45,0,0,8,0,1,6,48,30,59,499,16,0,0,0,0,103,150,55,0,0,0,0,0,0,0,2,34,524,2,1087,287,3,0,71,0,3448,2,2361,1181,0,0,0,0,5,"Verlander, Justin",40.8,38.0,21.1,498,64.3,36.1,180,30.5,152,22.9,114,10.4,52,R,3242,,49.9,94.6,2577.0,-10.1,-10.7,20.6,23.0,1.3,28.7,87.5,2612.0,4.1,-30.2,6.2,7.8,1.3,4.2,86.9,1866.0,-16.3,-26.5,10.3,19.5,1.3,17.3,79.4,2821.0,7.6,-57.4,-12.3,14.6,1.4,,,,,,,,,,,,,,,,,,,,,,,,,,,,,,,,,,,"Verlander, Justin",,,,,,,,,,,,,,,,,,,,,,,,,,,,,,,49.9,94.6,2577,-10.1,-10.7,20.6,23.0,1.3,45.9,84.5,2690,5.4,-40.4,-0.8,10.4,4.6,4.2,86.9,1866.0,-16.3,-26.5,10.3,19.5,1.3
"Bieber, Shane",669456,2019,24,34,214.1,859,810,186,117,37,1,31,259,40,30.2,4.7,0.23,0.393,0.271,0.664,0.163,0.298,78,86,0,0,643,15,8,6,1,2,3.28,,,7,0.236,0.417,0.28,0.295,0.277,0.182,0.378,0.405,0.337,0.35,-0.006,-0.024,-0.015,,,,,,,,,90.6,12.6,32.5,47,8.5,6.0,25.5,22.0,32.7,1.4,43.3,80.813265602,94.463244267,65.4,16.9,32.6,54.9,44.8,310,565,53.7,1731,69.8,6.4,234,1475,1514,3332,83.0,165,976,46.3,1492,42.4,1368,30.7,47.8,"Bieber, Shane",57,1,0,2,0,0,129,70,6,1,0,24,0,21,133,1,1021,616,0,3,2,0,3,0,547,19,1,1,15,0,2,6,34,58,93,554,33,0,0,1,1,84,190,54,0,0,0,0,0,1,2,1,33,400,8,1124,318,4,2,58,0,3332,3,2208,653,0,0,5,4,8,"Bieber, Shane",36.8,37.5,25.6,554,65.3,44.8,248,21.7,120,26.5,147,7.0,39,R,3223,,45.7,93.1,2254.0,-8.3,-13.6,17.8,19.7,0.8,26.5,85.0,2370.0,1.4,-34.9,2.9,4.1,1.0,7.3,87.6,1725.0,-15.7,-28.4,7.1,17.5,1.0,20.5,82.7,2303.0,4.0,-50.6,-10.2,11.2,1.2,0.0,93.7,2189.0,-13.7,-19.6,11.8,18.1,,,,,,,,,,,,,,,,,,,,,,,,,,,,"Bieber, Shane",,,,,,,,,,,,,,,,,,,,,,,,,,,,,,,45.8,93.1,2254,-8.3,-13.6,17.8,19.7,0.8,47.0,84.0,2341,2.5,-41.7,-2.8,7.2,1.7,7.3,87.6,1725.0,-15.7,-28.4,7.1,17.5,1.0
"Cole, Gerrit",543037,2019,28,33,212.1,817,762,142,82,30,1,29,326,48,39.9,5.9,0.186,0.343,0.237,0.58,0.157,0.276,59,66,0,0,637,20,5,4,3,0,2.5,,,11,0.181,0.315,0.246,0.237,0.232,0.134,0.377,0.361,0.323,0.315,0.005,0.028,0.009,,,,,,,,,87.6,14.0,33.2,26,5.9,8.9,22.0,27.7,31.8,3.0,35.5,76.678804977,93.320113158,66.0,28.3,32.3,57.0,43.0,296,519,47.8,1606,78.4,9.1,250,1813,1297,3362,71.4,328,1158,52.2,1754,43.5,1463,37.2,49.9,"Cole, Gerrit",26,0,0,0,0,0,117,60,11,0,0,26,0,97,127,0,1056,575,0,5,0,0,0,0,611,58,0,0,10,0,1,3,32,45,63,440,22,0,0,0,1,84,134,44,2,0,0,0,0,4,1,3,33,547,7,1108,261,5,0,26,0,3362,4,2254,1088,0,0,2,2,5,"Cole, Gerrit",31.4,39.5,29.1,440,64.3,40.7,179,26.8,118,24.3,107,8.2,36,R,3360,,51.6,97.1,2530.0,-11.4,-10.9,18.4,21.7,1.6,23.2,89.2,2622.0,4.9,-31.8,3.0,6.4,1.5,7.4,88.6,1870.0,-15.3,-22.9,11.9,19.5,1.5,15.4,82.6,2901.0,11.7,-55.6,-14.0,18.4,1.9,2.4,97.1,2508.0,-15.1,-13.8,15.5,21.7,1.4,,,,,,,,,,,,,,,,,,,,,,,,,,,"Cole, Gerrit",,,,,,,,,,,,,,,,,,,,,,,,,,,,,,,54.0,97.1,2529,-11.6,-11.0,18.2,21.7,1.6,38.6,86.6,2736,7.6,-41.3,-3.8,11.2,4.0,7.4,88.6,1870.0,-15.3,-22.9,11.9,19.5,1.5
"Greinke, Zack",425844,2019,35,33,208.2,810,767,175,115,37,2,21,187,30,23.1,3.7,0.228,0.364,0.26,0.624,0.136,0.274,68,73,0,0,626,18,5,2,1,0,2.93,,,2,0.238,0.389,0.263,0.281,0.271,0.151,0.323,0.349,0.3,0.315,-0.01,-0.025,-0.018,,,,,,,,,87.5,11.0,34.1,37,6.3,6.1,24.4,23.1,36.0,2.7,33.3,77.091723759,92.997307621,63.7,15.8,33.1,37.0,62.9,211,571,55.4,1725,72.1,6.1,689,1440,956,3113,83.7,140,884,44.6,1388,43.7,1360,24.1,46.7,"Greinke, Zack",27,0,0,2,0,0,114,70,2,0,0,24,0,59,145,6,996,577,0,4,0,0,0,0,510,22,0,0,23,0,2,4,27,52,94,589,30,0,0,2,1,93,221,60,0,0,0,0,0,1,5,4,33,294,5,1081,279,4,2,27,0,3113,9,2032,910,0,0,3,1,2,"Greinke, Zack",33.1,38.7,28.0,589,67.3,46.3,273,20.7,122,26.1,154,6.8,40,R,3085,,41.2,89.9,2326.0,-2.0,-17.8,16.5,16.8,1.4,16.2,83.7,2517.0,7.1,-39.7,0.5,8.1,2.2,22.1,87.4,1780.0,-12.5,-32.4,3.8,13.2,1.2,14.8,70.6,2446.0,12.4,-68.9,-11.3,16.9,2.7,5.3,90.4,2253.0,-13.3,-22.0,12.0,18.1,1.3,0.1,89.4,2409.0,5.4,-24.0,10.3,11.7,1.4,0.2,80.1,1703.0,-9.3,-38.3,5.3,12.2,1.6,,,,,,,,,,,"Greinke, Zack",,,,,,,,,,,,,,,,,,,,,,,,,,,,,,,46.7,89.9,2318,-3.2,-18.3,16.0,16.9,1.4,31.0,77.4,2481,9.7,-53.6,-5.1,12.3,7.7,22.3,87.3,1779.0,-12.4,-32.4,3.8,13.2,1.4
"Bumgarner, Madison",518516,2019,29,34,207.2,844,780,191,115,41,5,30,203,43,24.1,5.1,0.245,0.426,0.291,0.717,0.181,0.292,90,99,0,0,623,9,9,3,0,0,3.9,,,14,0.254,0.459,0.3,0.321,0.301,0.205,0.371,0.401,0.328,0.343,-0.009,-0.033,-0.021,,,,,,,,,90.4,18.3,35.9,53,9.0,5.3,26.7,30.2,24.9,2.4,41.8,80.539498293,94.529638345,70.5,17.8,31.6,39.4,60.6,205,520,50.8,1645,75.1,7.3,173,2472,594,3244,81.5,200,1123,49.2,1594,43.9,1423,24.6,50.7,"Bumgarner, Madison",48,1,0,2,0,0,123,91,11,3,0,20,0,36,154,10,1020,528,1,3,0,0,0,0,645,26,0,0,20,0,0,10,49,45,97,588,44,0,0,3,1,121,172,55,1,0,0,0,0,2,5,5,34,351,9,1071,332,3,2,49,0,3244,10,2173,851,0,0,7,2,5,"Bumgarner, Madison",41.7,35.3,23.0,587,69.6,37.1,218,29.1,171,26.2,154,7.7,45,L,3239,,42.8,91.4,2405.0,9.1,-17.0,15.6,18.2,1.0,,,,,,,,,5.3,84.2,1638.0,13.0,-29.6,8.8,15.9,1.4,18.3,78.8,2645.0,-11.8,-49.6,-4.5,12.8,1.5,0.1,92.2,2400.0,11.9,-23.0,9.2,15.1,1.5,33.4,87.2,2488.0,-1.1,-28.1,8.1,8.5,1.4,,,,,,,,,,,,,,,,,,,"Bumgarner, Madison",,,,,,,,,,,,,,,,,,,,,,,,,,,,,,,76.3,89.6,2441,4.7,-21.9,12.3,13.9,2.6,18.3,78.8,2645,-11.8,-49.6,-4.5,12.8,1.5,5.3,84.2,1638.0,13.0,-29.6,8.8,15.9,1.4
"deGrom, Jacob",594798,2019,31,32,204.0,804,745,154,106,28,1,19,255,44,31.7,5.5,0.207,0.323,0.257,0.58,0.116,0.285,55,59,0,0,612,11,8,2,0,0,2.43,,,24,0.201,0.319,0.25,0.25,0.253,0.118,0.334,0.338,0.312,0.31,0.006,0.004,0.0,,,,,,,,,86.5,13.2,31.5,24,4.8,5.0,25.3,25.1,31.3,3.0,30.8,75.691489191,92.674544414,73.8,24.2,35.5,45.7,53.5,275,602,53.1,1695,81.0,6.9,505,1570,1115,3297,74.9,267,1104,46.9,1496,45.0,1435,31.4,53.4,"deGrom, Jacob",47,2,0,0,0,0,137,54,22,2,0,23,0,56,146,1,1037,460,0,4,0,0,0,0,696,42,0,0,11,0,3,7,29,50,75,498,26,0,0,1,4,79,175,41,0,0,0,0,1,0,5,3,32,499,4,1075,241,4,0,49,0,3297,8,2222,1237,0,0,2,0,5,"deGrom, Jacob",34.3,37.8,27.9,498,64.1,45.2,225,21.9,109,23.7,118,9.2,46,R,3190,,48.2,96.9,2388.0,-5.7,-12.2,16.3,17.4,1.2,32.0,92.5,2454.0,3.0,-24.6,6.7,7.6,1.2,15.8,90.3,1702.0,-13.6,-28.6,4.0,14.4,1.5,2.9,84.3,2567.0,6.2,-40.9,-2.7,7.0,1.8,1.1,96.7,2281.0,-11.4,-15.3,13.3,17.6,1.6,,,,,,,,,,,,,,,,,,,,,,,,,,,"deGrom, Jacob",,,,,,,,,,,,,,,,,,,,,,,,,,,,,,,49.2,96.9,2385,-5.8,-12.2,16.3,17.4,1.2,35.0,91.8,2460,3.3,-26.0,5.9,7.6,2.8,15.8,90.3,1702.0,-13.6,-28.6,4.0,14.4,1.5
"Bieber, Shane",669456,2020,25,12,77.1,297,275,46,33,6,0,7,122,21,41.1,7.1,0.167,0.265,0.229,0.494,0.098,0.267,14,15,0,0,232,8,1,5,0,0,1.63,,,2,0.185,0.319,0.222,0.251,0.247,0.134,0.329,0.391,0.301,0.338,-0.018,-0.054,-0.029,,,,,,,,,89.3,9.6,26.1,11,7.2,3.3,27.5,22.2,32.7,3.9,43.1,78.051342838,94.655112703,64.2,22.5,34.6,64.0,36.0,162,253,59.1,732,68.8,5.2,105,664,469,1238,77.5,73,325,40.9,506,41.9,519,40.7,46.7,"Bieber, Shane",16,0,0,0,0,0,52,15,2,0,0,10,0,0,36,0,413,207,0,2,1,0,0,0,190,23,0,0,3,0,0,1,7,15,24,153,6,0,0,0,0,22,59,15,0,0,0,0,0,0,0,0,12,169,1,453,73,3,0,16,0,1238,0,785,212,0,0,0,0,3,"Bieber, Shane",38.6,39.2,22.2,153,63.0,48.4,74,19.0,29,25.5,39,7.2,11,R,1238,43.9,37.9,94.1,2357.0,-8.9,-12.6,18.2,20.4,1.0,11.6,84.5,2551.0,1.3,-42.0,-4.1,4.5,1.3,8.5,88.7,1665.0,-15.9,-29.9,4.7,16.8,1.3,26.3,83.6,2352.0,9.0,-53.6,-14.3,17.0,1.2,,,,,,,,,15.8,89.2,2527.0,1.9,-24.9,9.0,9.6,1.3,,,,,,,,,,,,,,,,,,,"Bieber, Shane",,,,,,,,,,,,,,,,,,,,,,,,,,,,,,,53.6,92.7,2407,-5.7,-16.2,15.5,17.2,2.7,37.9,83.9,2413,6.7,-50.0,-11.2,13.2,1.3,8.5,88.7,1665.0,-15.9,-29.9,4.7,16.8,1.3
"Cole, Gerrit",543037,2020,29,12,73.0,288,269,53,25,14,0,14,94,17,32.6,5.9,0.197,0.405,0.25,0.655,0.208,0.242,23,27,0,0,219,7,3,2,0,1,2.84,,,1,0.198,0.381,0.279,0.274,0.252,0.183,0.383,0.376,0.303,0.307,-0.001,0.024,0.005,,,,,,,,,90.4,16.4,32.0,16,9.1,12.0,15.4,29.1,29.1,3.4,44.6,79.873113372,94.802339591,67.1,24.5,33.1,52.7,47.3,108,205,51.5,619,78.3,7.6,67,635,501,1203,75.3,96,392,48.5,584,43.0,517,34.2,49.6,"Cole, Gerrit",16,0,0,0,0,0,41,25,1,0,0,8,0,0,37,0,388,195,0,1,0,0,2,2,217,20,0,0,3,0,1,2,11,13,29,175,8,0,0,0,0,42,53,15,1,0,0,0,0,0,0,0,12,170,4,411,109,1,0,16,0,1203,0,792,184,0,0,0,0,2,"Cole, Gerrit",40.0,34.9,25.1,175,63.5,37.7,66,30.3,53,25.1,44,6.9,12,R,1203,38.4,52.5,96.7,2505.0,-12.2,-11.5,17.9,21.7,1.4,24.6,88.7,2582.0,5.0,-31.0,3.5,6.8,1.6,5.6,88.3,1750.0,-15.5,-24.5,10.6,18.9,1.6,17.0,83.4,2803.0,9.5,-50.9,-11.3,14.9,1.7,0.2,96.0,2505.0,-16.3,-14.1,16.0,22.9,1.4,,,,,,,,,,,,,,,,,,,,,,,,,,,"Cole, Gerrit",,,,,,,,,,,,,,,,,,,,,,,,,,,,,,,52.8,96.7,2505,-12.2,-11.5,17.9,21.7,1.4,41.6,86.5,2672,6.9,-39.2,-2.6,10.1,3.3,5.6,88.3,1750.0,-15.5,-24.5,10.6,18.9,1.6
"Nola, Aaron",605400,2022,29,32,205.0,807,766,168,109,39,1,19,235,29,29.1,3.6,0.219,0.347,0.256,0.603,0.128,0.291,74,75,0,0,615,11,13,2,0,1,3.25,,,11,0.211,0.34,0.264,0.259,0.248,0.129,0.351,0.343,0.316,0.305,0.008,0.007,0.005,,,,,,,,,87.7,12.5,34.3,38,7.1,6.9,23.6,25.3,31.6,5.1,31.6,77.465376008,93.044162015,63.8,18.7,34.0,46.8,53.2,232,496,48.0,1460,76.3,7.5,448,1785,806,3039,80.8,188,1008,52.0,1579,45.0,1367,27.9,49.5,"Nola, Aaron",131,0,0,0,0,0,117,69,10,0,1,18,0,0,143,2,885,600,0,8,0,0,2,0,544,35,0,0,10,0,1,9,31,59,77,534,41,0,0,1,0,99,177,52,0,1,0,0,0,0,3,0,32,366,1,935,266,8,0,131,1,3039,3,2104,385,0,0,0,0,2,"Nola, Aaron",39.3,35.8,24.9,534,70.1,44.2,236,24.3,130,24.2,129,7.3,39,R,3039,21.0,33.4,92.8,2308.0,-13.1,-16.6,15.4,20.3,1.3,,,,,,,,,14.7,85.9,1482.0,-15.2,-33.8,3.4,15.9,1.3,26.5,78.6,2589.0,14.4,-55.7,-10.8,18.1,1.1,18.8,92.2,2199.0,-17.0,-22.6,9.7,19.7,1.4,6.5,86.8,2212.0,0.9,-29.1,7.2,7.5,1.3,,,,,,,,,,,,,,,,,,,"Nola, Aaron",,,,,,,,,,,,,,,,,,,,,,,,,,,,,,,58.7,91.9,2262,-12.8,-19.9,12.7,18.7,2.5,26.5,78.6,2589,14.4,-55.7,-10.8,18.1,1.1,14.7,85.9,1482.0,-15.2,-33.8,3.4,15.9,1.3
"Mikolas, Miles",571945,2022,33,33,202.1,805,751,170,112,31,2,25,153,39,19.0,4.8,0.226,0.373,0.267,0.64,0.147,0.25,74,81,0,0,607,12,13,1,1,0,3.29,,,3,0.252,0.4,0.279,0.306,0.294,0.148,0.319,0.355,0.281,0.316,-0.026,-0.027,-0.027,,,,,,,,,87.8,11.0,35.1,42,6.9,6.8,23.6,23.9,34.0,4.3,36.0,76.747856744,93.485106739,67.7,12.8,27.9,34.6,65.1,144,416,47.3,1490,76.8,7.6,125,1561,1457,3152,86.8,144,1125,52.7,1662,45.4,1431,18.7,48.9,"Mikolas, Miles",64,1,0,0,0,0,116,76,3,0,0,22,0,0,119,0,1013,558,1,3,0,1,1,0,642,23,0,1,19,0,1,6,33,50,87,606,28,0,0,0,2,113,228,55,0,0,0,0,0,0,0,8,32,252,7,1053,280,3,0,65,0,3152,8,2099,262,0,0,0,0,8,"Mikolas, Miles",38.3,36.1,25.6,606,63.4,45.9,278,25.2,153,23.8,144,5.1,31,R,3152,48.0,27.3,93.5,2292.0,-4.9,-16.3,14.9,15.9,1.5,25.4,87.7,2381.0,3.9,-31.1,4.3,6.2,1.4,4.0,82.7,1575.0,-12.0,-31.0,9.3,15.5,3.6,21.1,76.0,2547.0,8.7,-63.3,-15.3,17.7,2.2,22.2,93.0,2232.0,-13.3,-19.5,12.3,18.4,1.5,,,,,,,,,,,,,,,,,,,,,,,,,,,"Mikolas, Miles",,,,,,,,,,,,,,,,,,,,,,,,,,,,,,,49.5,93.3,2265,-8.7,-17.7,13.8,17.0,1.5,46.5,82.4,2456,6.0,-45.7,-4.6,11.4,6.8,4.0,82.7,1575.0,-12.0,-31.0,9.3,15.5,3.6
"Cole, Gerrit",543037,2022,31,33,200.2,793,738,154,88,31,2,33,257,50,32.4,6.3,0.209,0.39,0.26,0.65,0.181,0.269,78,81,0,0,602,13,8,2,2,0,3.5,,,11,0.214,0.383,0.283,0.284,0.266,0.169,0.39,0.393,0.319,0.329,-0.005,0.007,-0.001,,,,,,,,,89.4,12.6,32.5,46,9.5,7.7,22.8,24.8,30.6,3.1,40.2,78.808854118,94.227606134,65.8,23.1,32.4,53.8,46.2,302,561,52.9,1731,78.7,7.5,276,1906,1092,3274,76.8,235,1016,47.1,1543,42.9,1405,34.1,48.2,"Cole, Gerrit",58,3,0,0,0,0,113,78,10,1,0,21,0,0,116,0,1055,575,1,5,0,0,0,0,556,64,0,0,13,0,1,2,45,38,71,483,29,0,0,0,2,91,165,36,0,0,0,0,0,0,0,2,33,452,3,1122,288,5,0,61,0,3274,2,2152,471,0,0,0,0,3,"Cole, Gerrit",33.1,37.5,29.4,483,61.5,42.0,203,28.6,138,22.2,107,7.2,35,R,3274,39.7,51.9,97.8,2428.0,-10.4,-10.5,18.3,21.1,1.3,22.6,88.7,2569.0,5.0,-34.2,0.5,5.6,1.6,8.4,89.7,1616.0,-14.0,-24.7,9.3,17.1,1.4,10.8,83.0,2779.0,10.2,-53.0,-12.9,16.6,1.6,,,,,,,,,6.4,92.0,2485.0,0.5,-24.4,7.9,8.5,1.5,,,,,,,,,,,,,,,,,,,"Cole, Gerrit",,,,,,,,,,,,,,,,,,,,,,,,,,,,,,,58.2,97.1,2434,-9.2,-12.0,17.2,19.8,2.4,33.4,86.8,2637,6.7,-40.3,-3.9,9.2,3.4,8.4,89.7,1616.0,-14.0,-24.7,9.3,17.1,1.4
"Bieber, Shane",669456,2022,27,31,200.0,791,747,172,123,29,2,18,198,36,25.0,4.6,0.23,0.347,0.266,0.613,0.117,0.288,64,70,0,0,600,13,8,5,1,0,2.88,,,9,0.245,0.386,0.269,0.292,0.281,0.141,0.337,0.369,0.312,0.333,-0.015,-0.039,-0.023,,,,,,,,,89.9,10.0,32.4,40,7.2,6.7,25.9,21.4,35.7,2.9,43.1,79.516670909,94.359625491,67.4,15.8,31.8,59.7,39.6,271,454,49.7,1428,79.0,7.4,67,1445,1363,2875,83.9,154,976,50.3,1447,40.8,1174,29.7,49.7,"Bieber, Shane",33,3,0,0,0,0,125,63,9,0,0,23,0,0,121,0,858,504,0,4,0,0,1,0,444,24,0,0,19,0,0,2,21,63,88,555,28,0,0,0,0,93,208,45,0,0,1,0,0,0,3,3,31,351,6,941,259,4,0,36,1,2875,6,1934,401,0,0,0,0,5,"Bieber, Shane",39.5,36.6,24.0,555,66.0,48.8,271,20.9,116,24.3,135,5.9,33,R,2875,41.1,34.4,91.3,2206.0,-8.5,-15.3,17.6,19.7,1.1,29.5,85.0,2515.0,2.8,-35.1,2.4,4.5,1.2,2.3,86.4,1557.0,-12.9,-30.3,6.4,14.8,1.2,17.9,82.0,2197.0,9.9,-51.6,-10.9,15.0,1.0,,,,,,,,,15.8,86.9,2497.0,1.9,-27.0,8.8,9.3,1.1,,,,,,,,,,,,,,,,,,,"Bieber, Shane",,,,,,,,,,,,,,,,,,,,,,,,,,,,,,,50.3,89.9,2298,-5.2,-18.9,14.9,16.4,2.5,47.4,83.9,2395,5.5,-41.3,-2.6,8.5,2.0,2.3,86.4,1557.0,-12.9,-30.3,6.4,14.8,1.2
"Cole, Gerrit",543037,2023,32,33,209.0,821,761,157,110,26,1,20,222,48,27.0,5.8,0.206,0.322,0.259,0.581,0.116,0.263,61,64,0,0,627,15,4,4,1,2,2.63,,,7,0.232,0.379,0.256,0.289,0.284,0.146,0.316,0.366,0.29,0.328,-0.026,-0.057,-0.033,,,,,,,,,89.2,14.8,33.7,41,7.6,5.9,27.1,28.2,26.9,3.7,39.2,78.703162612,93.996080634,70.5,19.4,29.9,41.9,57.9,207,494,50.4,1653,76.7,7.5,233,1969,1079,3281,80.6,223,1149,49.6,1629,42.8,1406,26.2,50.1,"Cole, Gerrit",28,1,0,1,0,0,133,55,5,2,0,24,0,0,122,0,1054,525,1,3,2,0,2,0,669,39,0,0,16,0,3,7,25,46,85,543,24,0,0,0,1,123,173,49,0,0,0,0,0,0,2,2,33,375,3,1113,245,4,1,29,0,3281,4,2168,389,0,0,0,0,5,"Cole, Gerrit",32.4,43.5,24.1,543,67.7,40.3,219,27.4,149,24.9,135,7.4,40,R,3281,42.1,53.0,96.7,2412.0,-8.4,-12.0,17.4,19.4,1.4,20.8,89.1,2542.0,4.7,-32.6,1.7,5.7,1.5,7.1,89.1,1581.0,-14.2,-24.4,10.1,17.7,1.4,12.1,82.9,2783.0,10.1,-53.9,-13.7,17.2,1.5,,,,,,,,,7.0,92.7,2510.0,2.8,-20.8,10.8,11.4,1.5,,,,,,,,,,,,,,,,,,,"Cole, Gerrit",,,,,,,,,,,,,,,,,,,,,,,,,,,,,,,60.0,96.2,2424,-7.1,-13.0,16.7,18.5,2.0,32.9,86.8,2631,6.7,-40.4,-3.9,9.9,3.7,7.1,89.1,1581.0,-14.2,-24.4,10.1,17.7,1.4
"Mikolas, Miles",571945,2023,34,35,201.1,860,802,226,145,50,5,26,137,39,15.9,4.5,0.282,0.454,0.319,0.773,0.172,0.309,107,110,0,0,604,9,13,4,0,0,4.78,,,12,0.291,0.498,0.33,0.354,0.329,0.207,0.372,0.401,0.336,0.349,-0.009,-0.044,-0.024,,,,,,,,,90.4,15.0,38.9,66,9.8,8.6,24.9,25.1,28.9,2.7,43.0,80.242845536,94.593177009,68.0,13.3,27.5,26.7,73.0,106,397,45.1,1443,80.1,9.0,172,1610,1409,3197,86.4,159,1193,54.9,1755,44.2,1414,16.7,49.7,"Mikolas, Miles",31,0,0,1,0,0,150,99,11,0,1,14,0,0,182,0,960,566,2,5,0,0,0,0,647,30,0,0,16,0,4,8,37,73,116,674,52,0,0,0,0,147,190,57,0,0,0,0,0,0,1,8,35,226,3,1041,364,5,1,31,0,3197,9,2156,235,0,0,0,0,7,"Mikolas, Miles",36.5,38.7,24.8,674,68.0,39.0,263,27.7,187,26.6,179,6.7,45,R,3197,47.5,26.0,93.3,2275.0,-5.6,-16.3,15.1,16.3,1.4,24.3,86.4,2335.0,3.7,-33.4,3.0,5.6,1.9,5.4,84.4,1640.0,-14.0,-30.1,8.6,16.8,4.0,20.0,75.8,2490.0,7.8,-63.0,-14.9,17.0,1.7,24.4,92.7,2193.0,-14.2,-20.7,11.3,18.3,1.3,,,,,,,,,,,,,,,,,,,,,,,,,,,"Mikolas, Miles",,,,,,,,,,,,,,,,,,,,,,,,,,,,,,,50.4,93.0,2236,-9.8,-18.4,13.2,17.2,1.4,44.3,81.6,2405,5.6,-46.8,-5.1,10.7,6.2,5.4,84.4,1640.0,-14.0,-30.1,8.6,16.8,4.0
"Nola, Aaron",605400,2023,30,32,193.2,793,741,178,108,35,3,32,202,45,25.5,5.7,0.24,0.425,0.283,0.708,0.185,0.286,96,105,0,0,581,12,9,2,0,0,4.46,,,21,0.24,0.407,0.303,0.298,0.284,0.167,0.382,0.376,0.328,0.329,0.0,0.018,0.005,,,,,,,,,89.3,12.7,36.3,45,8.3,7.7,23.3,25.9,31.6,3.3,38.5,78.53543572,94.143390037,64.5,16.9,34.7,42.0,58.0,230,548,51.1,1577,69.7,6.5,390,1720,977,3087,82.8,165,974,48.9,1510,46.9,1449,26.0,49.3,"Nola, Aaron",53,1,0,1,1,0,114,92,19,2,0,15,0,0,149,0,947,553,0,4,1,0,0,0,579,26,0,0,18,0,1,1,49,51,78,545,45,0,0,0,0,89,184,54,0,0,0,0,0,0,2,4,32,349,9,1012,315,5,2,54,0,3087,6,2075,369,0,0,0,0,10,"Nola, Aaron",42.4,35.8,21.8,545,64.8,43.1,235,25.9,141,24.6,134,6.4,35,R,3087,22.8,29.5,92.7,2304.0,-12.2,-16.8,15.1,19.5,1.5,,,,,,,,,12.6,85.9,1558.0,-14.8,-32.4,4.7,15.8,1.4,31.6,79.4,2591.0,12.5,-54.8,-11.0,16.8,1.4,18.8,91.8,2221.0,-17.4,-23.5,9.1,19.7,1.6,7.5,86.3,2266.0,0.8,-30.2,6.4,6.8,1.5,,,,,,,,,,,,,,,,,,,"Nola, Aaron",,,,,,,,,,,,,,,,,,,,,,,,,,,,,,,55.7,91.5,2271,-12.2,-20.8,11.9,17.9,2.8,31.6,79.4,2591,12.5,-54.8,-11.0,16.8,1.4,12.6,85.9,1558.0,-14.8,-32.4,4.7,15.8,1.4
"Nola, Aaron",605400,2024,31,33,199.1,820,764,189,118,39,2,30,197,50,24.0,6.1,0.247,0.421,0.295,0.716,0.174,0.294,79,84,0,0,598,14,8,2,0,1,3.57,,,12,0.244,0.388,0.31,0.299,0.294,0.144,0.382,0.367,0.332,0.329,0.003,0.033,0.011,71.7,24.5,14.6,11.1,32.8,24.8,7.5,31.0,88.5,12.0,35.4,41,7.2,7.4,24.2,22.6,33.5,4.9,38.2,77.265343569,94.038174053,66.7,15.9,32.1,42.6,57.2,229,537,52.4,1671,74.3,6.0,307,1833,1049,3189,83.3,161,1012,47.6,1518,45.0,1434,25.2,48.6,"Nola, Aaron",48,1,0,1,0,0,138,79,11,1,0,20,0,0,142,0,1053,541,0,5,0,2,1,0,580,38,0,0,12,1,2,3,39,56,94,570,38,0,0,0,1,98,198,45,0,0,0,0,0,0,0,3,33,332,5,1099,322,6,1,49,0,3189,3,2090,351,0,0,0,0,3,"Nola, Aaron",46.3,32.3,21.4,570,66.6,44.6,254,24.4,139,24.6,140,6.5,37,R,3189,20.1,27.8,92.5,2307.0,-11.9,-17.4,14.6,19.0,1.5,,,,,,,,,9.6,85.7,1558.0,-15.3,-34.0,3.2,15.8,1.4,32.9,79.1,2604.0,14.0,-53.9,-9.9,17.3,1.2,20.4,91.5,2240.0,-17.0,-24.1,8.6,19.1,1.5,9.2,87.5,2288.0,-1.3,-27.1,8.5,8.8,1.4,,,,,,,,,,,,,,,,,,,"Nola, Aaron",,,,,,,,,,,,,,,,,,,,,,,,,,,,,,,57.5,91.3,2280,-12.0,-21.4,11.5,17.4,2.5,32.9,79.1,2604,14.0,-53.9,-9.9,17.3,1.2,9.6,85.7,1558.0,-15.3,-34.0,3.2,15.8,1.4
